Year,Rnd,OvPck,Name.cleaned,Name.student,status.cleaned,times.cleaned,status.student,times.student,changed_status,changed_times
2012,1,13,Courtney Hawkins (minors),Courtney Hawkins,0,10,0,13,FALSE,TRUE
2012,1,14,Nick Travieso (minors),Nick Travieso,0,10,2,11,TRUE,TRUE
2012,1,27,*Clint Coulter (minors),Clint Coulter,0,10,0,13,FALSE,TRUE
2012,1,48,*Keon Barnum (minors),Keon Barnum,0,10,0,13,FALSE,TRUE
2012,1,53,*Collin Wiles (minors),Collin Wiles,0,10,1,11,TRUE,TRUE
2012,1,55,*Walker Weickel (minors),Walker Weickel,2,8,2,11,FALSE,TRUE
2012,1,58,*Mitch Nay (minors),Mitch Nay,0,10,2,11,TRUE,TRUE
2012,2,63,Mason Melotakis (minors),Mason Melotakis,0,10,2,10,TRUE,FALSE
2012,2,64,Joe DeCarlo (minors),Joe DeCarlo,0,10,2,12,TRUE,TRUE
2012,3,97,Adam Walker (minors),Adam Walker,0,10,0,13,FALSE,TRUE
2012,3,102,Fernando Perez (minors),Fernando Perez,0,10,0,13,FALSE,TRUE
2012,3,110,Kieran Lovegrove (minors),Kieran Lovegrove,0,10,2,10,TRUE,FALSE
2012,3,116,Bryan De La Rosa (minors),Bryan De La Rosa,0,10,2,11,TRUE,TRUE
2012,3,126,*Tyler Pike (minors),Tyler Pike,0,10,2,12,TRUE,TRUE
2012,4,139,BJ Boyd (minors),BJ Boyd,0,10,2,12,TRUE,TRUE
2012,4,153,Chuck Taylor (minors),Chuck Taylor,0,10,2,11,TRUE,TRUE
2012,5,173,Dylan Baker (minors),Dylan Baker,0,10,2,10,TRUE,FALSE
2012,5,182,Bralin Jackson (minors),Bralin Jackson,0,10,2,10,TRUE,FALSE
2012,5,183,Ronnie Freeman (minors),Ronnie Freeman,0,10,2,10,TRUE,FALSE
2012,6,192,Lex Rutledge (minors),Lex Rutledge,2,6,2,5,FALSE,TRUE
2012,6,210,Kurt Heyer (minors),Kurt Heyer,0,10,0,13,FALSE,TRUE
2012,7,227,Ryan Newell (minors),Ryan Newell,0,10,2,10,TRUE,FALSE
2012,7,228,Wilfredo Rodriguez (minors),Wilfredo Rodriguez,2,9,2,8,FALSE,TRUE
2012,7,232,Beau Amaral (minors),Beau Amaral,0,10,2,12,TRUE,TRUE
2012,7,233,Josh McAdams (minors),Josh McAdams,0,10,2,11,TRUE,TRUE
2012,9,294,Derek Self (minors),Derek Self,0,10,2,10,TRUE,FALSE
2012,10,311,Grady Wood (minors),Grady Wood,0,10,2,10,TRUE,FALSE
2012,10,319,Brett Vertigan (minors),Brett Vertigan,0,10,2,10,TRUE,FALSE
2012,10,323,Josh Martin (minors),Josh Martin,2,9,2,12,FALSE,TRUE
2012,10,327,Chris O'Grady (minors),Chris O'Grady,2,6,1,6,TRUE,FALSE
2012,11,344,Rashad Crawford (minors),Rashad Crawford,0,10,2,11,TRUE,TRUE
2012,11,352,Nolan Becker (minors),Nolan Becker,2,8,2,7,FALSE,TRUE
2012,11,365,Preston Gainey (minors),Preston Gainey,0,10,2,10,TRUE,FALSE
2012,12,378,Correlle Prime (minors),Correlle Prime,0,10,2,12,TRUE,TRUE
2012,12,389,Connor Lien (minors),Connor Lien,0,10,2,11,TRUE,TRUE
2012,12,390,Max Foody (minors),Max Foody,0,10,2,10,TRUE,FALSE
2012,13,404,Bijan Rademacher (minors),Bijan Rademacher,2,9,2,8,FALSE,TRUE
2012,13,405,Malcom Diaz (minors),Malcom Diaz,2,4,2,3,FALSE,TRUE
2012,13,410,Matt Bowman (minors),Matt Bowman,2,8,1,5,TRUE,TRUE
2012,13,415,John Silviano (minors),John Silviano,0,10,2,12,TRUE,TRUE
2012,13,423,Phildrick Llewellyn (minors),Phildrick Llewellyn,2,7,2,11,FALSE,TRUE
2012,14,443,Michael Peoples (minors),Michael Peoples,0,10,2,11,TRUE,TRUE
2012,14,458,Ricky Bielski (minors),Ricky Bielski,2,4,2,8,FALSE,TRUE
2012,15,461,Dario Pizzano (minors),Dario Pizzano,0,10,2,10,TRUE,FALSE
2012,15,471,Jordan Guerrero (minors),Jordan Guerrero,0,10,2,11,TRUE,TRUE
2012,15,473,Nellie Rodriguez (minors),Nellie Rodriguez,0,10,0,13,FALSE,TRUE
2012,15,476,Dalton Von Schamann (minors),Dalton Von Schamann,0,10,2,11,TRUE,TRUE
2012,16,492,Luc Rennie (minors),Luc Rennie,0,10,2,10,TRUE,FALSE
2012,16,493,Austin Fairchild (minors),Austin Fairchild,0,10,2,12,TRUE,TRUE
2012,16,499,Melvin Mercedes (minors),Melvin Mercedes,0,10,0,13,FALSE,TRUE
2012,16,504,Ronald Pena (minors),Ronald Pea,0,10,2,11,TRUE,TRUE
2012,16,506,Josh Henderson (minors),Josh Henderson,0,10,2,10,TRUE,FALSE
2012,18,551,Jabari Henry (minors),Jabari Henry,0,10,0,13,FALSE,TRUE
2012,18,565,Estevan Gonzalez (minors),Estevan Gonzalez,2,7,2,12,FALSE,TRUE
2012,18,573,Kevin Medrano (minors),Kevin Medrano,0,10,0,13,FALSE,TRUE
2012,19,595,Jorge Flores (minors),Jorge Flores,0,10,0,13,FALSE,TRUE
2012,20,618,Anthony Seise (minors),Anthony Seise,2,8,2,5,FALSE,TRUE
2012,20,623,Nick Pasquale (minors),Nick Pasquale,2,8,2,7,FALSE,TRUE
2012,20,624,James Brooks (minors),James Brooks,2,2,2,1,FALSE,TRUE
2012,21,644,Stephen Perakslis (minors),Stephen Perakslis,2,9,2,8,FALSE,TRUE
2012,21,648,Rayan Gonzalez (minors),Rayan Gonzlez,0,10,2,9,TRUE,TRUE
2012,21,654,Austin Chubb (minors),Austin Chubb,2,4,2,11,FALSE,TRUE
2012,21,663,Rudy Flores (minors),Rudy Flores,0,10,2,12,TRUE,TRUE
2012,22,688,Brennan Metzger (minors),Brennan Metzger,0,10,2,12,TRUE,TRUE
2012,23,728,Geoff Broussard (minors),Geoff Broussard,0,10,0,13,FALSE,TRUE
2012,24,735,Chris Nunn (minors),Chris Nunn,0,10,2,11,TRUE,TRUE
2012,24,741,Eric Grabe (minors),Eric Grabe,2,8,2,5,FALSE,TRUE
2012,24,757,Jose Mesa Jr. (minors),Jose Mesa Jr.,0,10,0,13,FALSE,TRUE
2012,25,763,Matt Tenuta (minors),Matt Tenuta,0,10,0,13,FALSE,TRUE
2012,25,781,Khiry Cooper (minors),Khiry Cooper,2,1,2,0,FALSE,TRUE
2012,25,782,Jordan Harrison (minors),Jordan Harrison,2,9,2,8,FALSE,TRUE
2012,26,797,Colton Grant (minors),Colton Grant,2,1,2,3,FALSE,TRUE
2012,26,816,Austen Thrailkill (minors),Austen Thrailkill,2,3,2,4,FALSE,TRUE
2012,28,850,Carson Goldsmith (minors),Carson Goldsmith,2,6,2,11,FALSE,TRUE
2012,28,854,Lance Rymel (minors),Lance Rymel,2,3,0,13,TRUE,TRUE
2012,28,876,Joe Burns (minors),Joe Burns,2,3,2,2,FALSE,TRUE
2012,29,879,Christian Garcia (minors),Christian Garcia,2,5,2,2,FALSE,TRUE
2012,35,1065,Wynton Bernard (minors),Wynton Bernard,0,10,1,11,TRUE,TRUE
2012,35,1080,Ben O'Shea (minors),Ben O'Shea,2,1,2,2,FALSE,TRUE
2012,35,1085,Jose Sermo (minors),Jose Sermo,0,10,0,13,FALSE,TRUE
2012,36,1103,Benny Suarez (minors),Benny Suarez,2,8,2,11,FALSE,TRUE
2012,37,1119,Michael Dimock (minors),Michael Dimock,2,8,2,7,FALSE,TRUE
2012,37,1143,Breland Almadova (minors),Breland Almadova,0,10,2,11,TRUE,TRUE
2012,37,1145,Taylor Brennan (minors),Taylor Brennan,0,10,2,10,TRUE,FALSE
2012,38,1170,Javier Machuca (minors),Javier Machuca,2,8,2,4,FALSE,TRUE
2012,39,1191,Mitch Glasser (minors),Mitch Glasser,0,10,2,10,TRUE,FALSE
2012,40,1215,Terrance Owens (minors),Terrance Owens,2,1,2,6,FALSE,TRUE
2012,40,1236,Paul Schwendel (minors),Paul Schwendel,0,10,2,11,TRUE,TRUE
2013,1,1,Mark Appel (minors),Mark Appel,0,9,1,10,TRUE,TRUE
2013,1,12,D.J. Peterson (minors),D.J. Peterson,0,9,2,10,TRUE,TRUE
2013,1,20,Jonathon Crawford (minors),Jonathon Crawford,0,9,2,11,TRUE,TRUE
2013,1,33,*Ian Clarkin (minors),Ian Clarkin,0,9,0,12,FALSE,TRUE
2013,2,45,Teddy Stankiewicz (minors),Teddy Stankiewicz,0,9,0,12,FALSE,TRUE
2013,2,47,Clinton Hollon (minors),Clinton Hollon,0,9,0,12,FALSE,TRUE
2013,2,48,Andrew Church (minors),Andrew Church,2,7,2,10,FALSE,TRUE
2013,2,56,Tom Windle (minors),Tom Windle,0,9,2,10,TRUE,TRUE
2013,2,60,Riley Unroe (minors),Riley Unroe,0,9,0,12,FALSE,TRUE
2013,2,63,Dillon Overton (minors),Dillon Overton,1,5,1,4,FALSE,TRUE
2013,2,66,Gosuke Katoh (minors),Gosuke Katoh,0,9,1,10,TRUE,TRUE
2013,3,82,Carter Hope (minors),Carter Hope,0,9,2,11,TRUE,TRUE
2013,3,94,Jeff Thompson (minors),Jeff Thompson,0,9,2,10,TRUE,TRUE
2013,3,96,Jan Hernandez (minors),Jan Hernandez,0,9,2,11,TRUE,TRUE
2013,3,97,Thomas Milone (minors),Thomas Milone,0,9,2,10,TRUE,TRUE
2013,3,101,Chase Johnson (minors),Chase Johnson,0,9,2,10,TRUE,TRUE
2013,3,105,Drew Ward (minors),Drew Ward,0,9,0,12,FALSE,TRUE
2013,4,113,Myles Smith (minors),Myles Smith,0,9,2,10,TRUE,TRUE
2013,4,116,L.J. Mazzilli (minors),L.J. Mazzilli,0,9,2,10,TRUE,TRUE
2013,4,117,Ryan Horstman (minors),Ryan Horstman,2,6,2,10,FALSE,TRUE
2013,5,150,Jamie Westbrook (minors),Jamie Westbrook,0,9,1,12,TRUE,TRUE
2013,5,155,Ian McKinney (minors),Ian McKinney,0,9,0,12,FALSE,TRUE
2013,5,159,Travis Seabrooke (minors),Travis Seabrooke,0,9,0,12,FALSE,TRUE
2013,5,163,Mikey Reynolds (minors),Mikey Reynolds,0,9,0,12,FALSE,TRUE
2013,5,165,Cory Thompson (minors),Cory Thompson,0,9,0,12,FALSE,TRUE
2013,6,183,James Dykstra (minors),James Dykstra,0,9,0,12,FALSE,TRUE
2013,6,190,Sam Wolff (minors),Sam Wolff,0,9,2,9,TRUE,FALSE
2013,7,201,Kenny Mathews (minors),Kenny Mathews,0,9,2,11,TRUE,TRUE
2013,7,210,Daniel Gibson (minors),Daniel Gibson,0,9,2,10,TRUE,TRUE
2013,7,213,Trey Michalczewski (minors),Trey Michalczewski,0,9,2,10,TRUE,TRUE
2013,8,233,Forrestt Allday (minors),Forrestt Allday,0,9,2,9,TRUE,FALSE
2013,8,236,Ricky Knapp (minors),Ricky Knapp,0,9,2,9,TRUE,FALSE
2013,8,238,Adrian De Horta (minors),Adrian De Horta,0,9,0,12,FALSE,TRUE
2013,9,258,Charcer Burks (minors),Charcer Burks,0,9,2,9,TRUE,FALSE
2013,9,279,Mitch Horacek (minors),Mitch Horacek,0,9,2,9,TRUE,FALSE
2013,9,280,Jose Samayoa (minors),Jose Samayoa,0,9,0,12,FALSE,TRUE
2013,9,286,Jake Joyce (minors),Jake Joyce,0,9,0,12,FALSE,TRUE
2013,10,287,Austin Nicely (minors),Austin Nicely,0,9,2,10,TRUE,TRUE
2013,11,320,Nelson Molina (minors),Nelson Molina,0,9,2,11,TRUE,TRUE
2013,11,324,Xavier Fernandez (minors),Xavier Fernndez,0,9,0,12,FALSE,TRUE
2013,11,333,Matt Ball (minors),Matt Ball,2,8,0,12,TRUE,TRUE
2013,11,345,Ty Boyles (minors),Ty Boyles,0,9,2,8,TRUE,TRUE
2013,12,348,Trevor Clifton (minors),Trevor Clifton,0,9,0,12,FALSE,TRUE
2013,12,365,Ricardo Bautista (minors),Ricardo Bautista,2,6,2,5,FALSE,TRUE
2013,12,371,Dakota Freese (minors),Dakota Freese,0,9,2,10,TRUE,TRUE
2013,13,381,Sicnarf Loopstok (minors),Sicnarf Loopstok,0,9,2,11,TRUE,TRUE
2013,13,387,Lachlan Fontaine (minors),Lachlan Fontaine,0,9,2,9,TRUE,FALSE
2013,13,402,Pat Young (minors),Pat Young,0,9,2,11,TRUE,TRUE
2013,13,404,Cale Coshow (minors),Cale Coshow,0,9,2,9,TRUE,FALSE
2013,14,413,Jake Romanski (minors),Jake Romanski,0,9,2,9,TRUE,FALSE
2013,14,436,David Masters (minors),David Masters,0,9,2,9,TRUE,FALSE
2013,15,442,Miles Williams (minors),Miles Williams,0,9,0,12,FALSE,TRUE
2013,15,461,Edwin Diaz (minors),Edwin Daz,0,9,0,12,FALSE,TRUE
2013,16,485,Blake Higgins (minors),Blake Higgins,2,1,2,3,FALSE,TRUE
2013,16,495,Fabian Roman (minors),Fabian Roman,2,7,2,10,FALSE,TRUE
2013,17,503,Joseph Monge (minors),Joseph Monge,0,9,2,11,TRUE,TRUE
2013,17,504,Kevin Perez (minors),Kevin Perez,2,4,2,10,FALSE,TRUE
2013,17,513,Joey Wagman (minors),Joey Wagman,0,9,2,10,TRUE,TRUE
2013,17,514,Greg Harris (minors),Greg Harris,0,9,2,9,TRUE,FALSE
2013,17,515,Richy Pedroza (minors),Richy Pedroza,0,9,2,9,TRUE,FALSE
2013,17,516,Steven Negron (minors),Steven Negron,2,3,2,2,FALSE,TRUE
2013,18,533,Joe Gunkel (minors),Joe Gunkel,0,9,0,12,FALSE,TRUE
2013,18,538,Brandon Fry (minors),Brandon Fry,0,9,2,9,TRUE,FALSE
2013,18,550,David Gates (minors),David Gates,0,9,2,9,TRUE,FALSE
2013,18,551,Sam Bragg (minors),Sam Bragg,2,8,2,10,FALSE,TRUE
2013,19,559,Scott Firth (minors),Scott Firth,0,9,2,9,TRUE,FALSE
2013,19,560,Jared Wilson (minors),Jared Wilson,0,9,0,12,FALSE,TRUE
2013,19,579,Dylan Rheault (minors),Dylan Rheault,0,9,2,9,TRUE,FALSE
2013,21,617,Jon Kemmer (minors),Jon Kemmer,0,9,2,8,TRUE,TRUE
2013,21,642,Caleb Simpson (minors),Caleb Simpson,0,9,2,11,TRUE,TRUE
2013,22,647,Sebastian Kessay (minors),Sebastian Kessay,0,9,2,11,TRUE,TRUE
2013,22,660,Antonio Alvarez (minors),Antonio Alvarez,2,3,2,2,FALSE,TRUE
2013,22,663,Nolan Earley (minors),Nolan Earley,0,9,2,9,TRUE,FALSE
2013,22,664,Jake Fisher (minors),Jake Fisher,0,9,2,11,TRUE,TRUE
2013,23,684,Javier Reynoso (minors),Javier Reynoso,2,7,0,12,TRUE,TRUE
2013,23,703,Connor Oliver (minors),Connor Oliver,0,9,2,10,TRUE,TRUE
2013,23,705,Narciso Crook (minors),Narciso Crook,0,9,1,10,TRUE,TRUE
2013,24,713,Jantzen Witte (minors),Jantzen Witte,0,9,0,12,FALSE,TRUE
2013,25,753,Alex Powers (minors),Alex Powers,0,9,2,10,TRUE,TRUE
2013,26,787,Kirby Pellant (minors),Kirby Pellant,2,1,2,2,FALSE,TRUE
2013,27,804,Christian Flecha (minors),Christian Flecha,2,8,2,11,FALSE,TRUE
2013,27,812,Tyler Alexander (minors),Tyler Alexander,0,9,0,12,FALSE,TRUE
2013,29,863,Jeff Driskel (minors),Jeff Driskel,2,1,2,2,FALSE,TRUE
2013,30,887,Jorge Perez (minors),Jorge Perez,2,7,2,10,FALSE,TRUE
2013,30,893,Nick Longhi (minors),Nick Longhi,0,9,0,12,FALSE,TRUE
2013,30,897,Rafael Pineda (minors),Rafael Pineda,0,9,2,11,TRUE,TRUE
2013,30,902,Luis Aviles (minors),Luis Aviles,0,9,0,12,FALSE,TRUE
2013,30,906,Ryan Beck (minors),Ryan Beck,2,2,2,1,FALSE,TRUE
2013,32,961,Tyler Viza (minors),Tyler Viza,0,9,0,12,FALSE,TRUE
2013,32,970,John Straka (minors),John Straka,0,9,2,9,TRUE,FALSE
2013,34,1012,Edward Cruz (minors),Edward Cruz,0,9,2,9,TRUE,FALSE
2013,34,1027,Eric Aguilera (minors),Eric Aguilera,0,9,2,9,TRUE,FALSE
2013,34,1032,Rayan Hernandez (minors),Rayan Hernandez,2,7,2,6,FALSE,TRUE
2013,35,1041,Jordan Milbrath (minors),Jordan Milbrath,0,9,2,9,TRUE,FALSE
2013,36,1075,David Harris (minors),David Harris,0,9,0,12,FALSE,TRUE
2013,36,1076,Brandon Brosher (minors),Brandon Brosher,0,9,0,12,FALSE,TRUE
2013,36,1085,Anthony Ray (minors),Anthony Ray,0,9,0,12,FALSE,TRUE
2013,37,1107,Jordan Cowan (minors),Jordan Cowan,0,9,2,10,TRUE,TRUE
2013,39,1157,Juan Santos (minors),Juan Santos,0,9,2,8,TRUE,TRUE
2013,39,1175,Kevin Herget (minors),Kevin Herget,0,9,1,10,TRUE,TRUE
2013,40,1205,Arturo Reyes (minors),Arturo Reyes,2,8,0,12,TRUE,TRUE
2013,40,1210,Sal Mendez (minors),Sal Mendez,0,9,2,9,TRUE,FALSE
2014,1,12,Kodi Medeiros (minors),Kodi Medeiros,0,8,2,9,TRUE,TRUE
2014,1,19,Nick Howard (minors),Nick Howard,0,8,2,10,TRUE,TRUE
2014,1,20,Casey Gillaspie (minors),Casey Gillaspie,0,8,2,9,TRUE,TRUE
2014,1,22,Grant Holmes (minors),Grant Holmes,0,8,1,11,TRUE,TRUE
2014,1,32,Braxton Davidson (minors),Braxton Davidson,0,8,0,11,FALSE,TRUE
2014,1,35,Forrest Wall (minors),Forrest Wall,0,8,1,10,TRUE,TRUE
2014,1,38,Mike Papi (minors),Mike Papi,0,8,2,8,TRUE,FALSE
2014,1,40,Chase Vallot (minors),Chase Vallot,0,8,2,9,TRUE,TRUE
2014,1,41,Jake Gatewood (minors),Jake Gatewood,0,8,0,11,FALSE,TRUE
2014,2,43,Justin Twine (minors),Justin Twine,0,8,2,10,TRUE,TRUE
2014,2,51,Michael Gettys (minors),Michael Gettys,0,8,2,9,TRUE,TRUE
2014,2,53,Joe Gatto (minors),Joe Gatto,0,8,2,9,TRUE,TRUE
2014,2,59,Ti'Quan Forbes (minors),Ti'Quan Forbes,0,8,0,11,FALSE,TRUE
2014,2,61,Grant Hockin (minors),Grant Hockin,0,8,2,9,TRUE,TRUE
2014,2,68,Ronnie Williams (minors),Ronnie Williams,0,8,0,11,FALSE,TRUE
2014,2,69,Marcus Wilson (minors),Marcus Wilson,0,8,1,9,TRUE,TRUE
2014,2,71,Andrew Morales (minors),Andrew Morales,0,8,2,8,TRUE,FALSE
2014,2,73,Trey Supak (minors),Trey Supak,2,6,0,11,TRUE,TRUE
2014,2,74,Gareth Morgan (minors),Gareth Morgan,0,8,2,8,TRUE,FALSE
2014,3,81,Aaron Brown (minors),Aaron Brown,0,8,2,10,TRUE,TRUE
2014,3,83,Nick Wells (minors),Nick Wells,0,8,0,11,FALSE,TRUE
2014,3,84,Milton Ramos (minors),Milton Ramos,0,8,2,10,TRUE,TRUE
2014,3,87,Dylan Davis (minors),Dylan Davis,0,8,2,8,TRUE,FALSE
2014,3,90,Brian Gonzalez (minors),Brian Gonzalez,0,8,2,10,TRUE,TRUE
2014,3,91,Austin DeCarr (minors),Austin DeCarr,0,8,2,10,TRUE,TRUE
2014,3,95,Josh Morgan (minors),Josh Morgan,0,8,0,11,FALSE,TRUE
2014,3,98,John Richy (minors),John Richy,0,8,2,8,TRUE,FALSE
2014,3,103,Jake Cosart (minors),Jake Cosart,0,8,2,8,TRUE,FALSE
2014,4,114,Matt Morgan (minors),Matt Morgan,2,5,2,10,FALSE,TRUE
2014,4,117,Nick Torres (minors),Nicholas Torres,0,8,0,11,FALSE,TRUE
2014,4,119,Jeremy Rhoades (minors),Jeremy Rhoades,0,8,0,11,FALSE,TRUE
2014,4,120,Brent Jones (minors),Brent Jones,0,8,2,9,TRUE,TRUE
2014,4,123,D.J. Burt (minors),D.J. Burt,0,8,0,11,FALSE,TRUE
2014,4,125,Gavin LaValley (minors),Gavin LaValley,0,8,2,9,TRUE,TRUE
2014,4,127,Blake Bivens (minors),Blake Bivens,0,8,2,8,TRUE,FALSE
2014,5,152,Jordan Foley (minors),Jordan Foley,2,6,2,9,FALSE,TRUE
2014,5,157,Michael Russell (minors),Michael Russell,0,8,2,10,TRUE,TRUE
2014,5,159,Jared Walker (minors),Jared Walker,0,8,2,9,TRUE,TRUE
2014,5,164,Josh Ockimey (minors),Josh Ockimey,0,8,2,9,TRUE,TRUE
2014,5,165,Darren Seferina (minors),Darren Seferina,0,8,0,11,FALSE,TRUE
2014,6,166,Brock Dykxhoorn (minors),Brock Dykxhoorn,0,8,0,11,FALSE,TRUE
2014,6,173,Max George (minors),Max George,0,8,2,9,TRUE,TRUE
2014,6,178,Skyler Ewing (minors),Skyler Ewing,0,8,2,8,TRUE,FALSE
2014,6,191,Tyler Eppler (minors),Tyler Eppler,0,8,0,11,FALSE,TRUE
2014,6,192,Trace Loehr (minors),Trace Loehr,0,8,0,11,FALSE,TRUE
2014,6,194,Danny Mars (minors),Danny Mars,0,8,2,9,TRUE,TRUE
2014,6,195,Andrew Sohn (minors),Andrew Sohn,0,8,2,8,TRUE,FALSE
2014,7,197,Anfernee Seymour (minors),Anfernee Seymour,0,8,2,9,TRUE,TRUE
2014,7,200,Andro Cutura (minors),Andro Cutura,0,8,2,8,TRUE,FALSE
2014,7,203,Drew Weeks (minors),Drew Weeks,2,7,2,6,FALSE,TRUE
2014,7,216,Nick Green (minors),Nick Green,0,8,2,10,TRUE,TRUE
2014,7,217,Mike Franco (minors),Mike Franco,0,8,2,8,TRUE,FALSE
2014,7,225,Brian O'Keefe (minors),Brian O'Keefe,0,8,1,9,TRUE,TRUE
2014,8,227,Stone Garrett (minors),Stone Garrett,0,8,1,9,TRUE,TRUE
2014,8,232,Sam McWilliams (minors),Sam McWilliams,0,8,0,11,FALSE,TRUE
2014,8,240,Grant Heyman (minors),Grant Heyman,0,8,2,8,TRUE,FALSE
2014,8,253,Bradley Roney (minors),Bradley Roney,0,8,2,9,TRUE,TRUE
2014,9,257,Ben Holmes (minors),Ben Holmes,0,8,0,11,FALSE,TRUE
2014,9,258,Brian Clark (minors),Brian Clark,0,8,2,8,TRUE,FALSE
2014,9,260,Max Murphy (minors),Max Murphy,0,8,0,11,FALSE,TRUE
2014,9,268,Stetson Woods (minors),Stetson Woods,0,8,2,9,TRUE,TRUE
2014,9,269,Jordan Kipper (minors),Jordan Kipper,0,8,2,9,TRUE,TRUE
2014,9,272,Vicente Conde (minors),Vicente Conde,0,8,2,7,TRUE,TRUE
2014,9,277,Chris Pike (minors),Chris Pike,2,5,2,10,FALSE,TRUE
2014,9,278,Alexis Pantoja (minors),Alexis Pantoja,0,8,0,11,FALSE,TRUE
2014,9,281,Kevin Krause (minors),Kevin Krause,0,8,0,11,FALSE,TRUE
2014,10,286,Jay Gause (minors),Jay Gause,0,8,2,8,TRUE,FALSE
2014,10,290,Randy LeBlanc (minors),Randy LeBlanc,2,7,2,6,FALSE,TRUE
2014,10,297,Thomas Dorminy (minors),Thomas Dorminy,0,8,2,10,TRUE,TRUE
2014,10,298,Matt Gage (minors),Matt Gage,0,8,1,9,TRUE,TRUE
2014,10,301,Jay Gonzalez (minors),Jay Gonzalez,0,8,2,9,TRUE,TRUE
2014,10,314,Cole Sturgeon (minors),Cole Sturgeon,0,8,2,9,TRUE,TRUE
2014,11,317,Nick White (minors),Nick White,0,8,2,8,TRUE,FALSE
2014,11,319,Jordan Brink (minors),Jordan Brink,0,8,2,10,TRUE,TRUE
2014,11,322,Drew Stankiewicz (minors),Drew Stankiewicz,0,8,0,11,FALSE,TRUE
2014,11,338,Jared Robinson (minors),Jared Robinson,0,8,2,8,TRUE,FALSE
2014,11,340,A.J. Ladwig (minors),A.J. Ladwig,0,8,1,9,TRUE,TRUE
2014,11,341,Gage Hinsz (minors),Gage Hinsz,0,8,2,8,TRUE,FALSE
2014,11,343,Luis Gamez (minors),Luis Gamez,0,8,2,10,TRUE,TRUE
2014,12,347,Roy Morales (minors),Roy Morales,0,8,0,11,FALSE,TRUE
2014,12,365,Montrell Marshall (minors),Montrell Marshall,2,6,2,10,FALSE,TRUE
2014,12,373,Patrick Dorrian (minors),Patrick Dorrian,0,8,0,11,FALSE,TRUE
2014,13,376,Jamie Ritchie (minors),Jamie Ritchie,0,8,2,10,TRUE,TRUE
2014,13,379,Kevonte Mitchell (minors),Kevonte Mitchell,0,8,2,9,TRUE,TRUE
2014,13,381,Marvin Gorgas (minors),Marvin Gorgas,2,7,0,11,TRUE,TRUE
2014,13,383,Chris Rabago (minors),Chris Rabago,0,8,2,9,TRUE,TRUE
2014,13,385,Erik Manoah (minors),Erik Manoah,0,8,2,9,TRUE,TRUE
2014,13,386,Kaleb Earls (minors),Kaleb Earls,0,8,2,8,TRUE,FALSE
2014,13,401,Frank Duncan (minors),Frank Duncan,0,8,0,11,FALSE,TRUE
2014,13,405,Matt Pearce (minors),Matt Pearce,2,6,2,5,FALSE,TRUE
2014,14,406,Nick Tanielu (minors),Nick Tanielu,0,8,2,10,TRUE,TRUE
2014,14,407,Zach Sullivan (minors),Zach Sullivan,2,6,2,9,FALSE,TRUE
2014,14,411,Chris Mariscal (minors),Chris Mariscal,0,8,2,8,TRUE,FALSE
2014,14,412,Chase Harris (minors),Chase Harris,0,8,0,11,FALSE,TRUE
2014,14,417,Chris Huffman (minors),Chris Huffman,2,6,2,5,FALSE,TRUE
2014,14,418,Kevin Rivera (minors),Kevin Rivera,2,6,2,5,FALSE,TRUE
2014,14,426,Gio Abreu (minors),Gio Abreu,0,8,2,10,TRUE,TRUE
2014,14,427,Trevor Lubking (minors),Trevor Lubking,0,8,2,9,TRUE,TRUE
2014,14,431,Chase Simpson (minors),Chase Simpson,0,8,2,9,TRUE,TRUE
2014,14,434,Jordan Procyshen (minors),Jordan Procyshen,0,8,2,10,TRUE,TRUE
2014,15,454,Ryan Ripken (minors),Ryan Ripken,0,8,2,8,TRUE,FALSE
2014,15,464,Trenton Kemp (minors),Trenton Kemp,0,8,2,8,TRUE,FALSE
2014,16,473,Roberto Ramos (minors),Roberto Ramos,0,8,0,11,FALSE,TRUE
2014,16,475,Joel Huertas (minors),Joel Huertas,0,8,2,10,TRUE,TRUE
2014,16,483,Manny Olloque (minors),Manny Olloque,0,8,0,11,FALSE,TRUE
2014,16,491,Sam Street (minors),Sam Street,2,7,2,9,FALSE,TRUE
2014,16,492,Jose Brizuela (minors),Jose Brizuela,0,8,2,8,TRUE,FALSE
2014,16,493,Brandon Barker (minors),Brandon Barker,0,8,2,9,TRUE,TRUE
2014,16,494,Michael Gunn (minors),Michael Gunn,0,8,2,9,TRUE,TRUE
2014,17,501,Trey Cochran-Gill (minors),Trey Cochran-Gill,0,8,2,9,TRUE,TRUE
2014,17,502,Damek Tomscha (minors),Damek Tomscha,0,8,2,8,TRUE,FALSE
2014,17,511,Jean Cosme (minors),Jean Cosme,0,8,2,7,TRUE,TRUE
2014,17,514,Alec Keller (minors),Alec Keller,0,8,2,8,TRUE,FALSE
2014,17,524,Jeremy Rivera (minors),Jeremy Rivera,0,8,0,11,FALSE,TRUE
2014,18,528,Tanner Banks (minors),Tanner Banks,0,8,1,9,TRUE,TRUE
2014,18,530,T.J. White (minors),T.J. White,0,8,2,10,TRUE,TRUE
2014,18,543,Alberto Rodriguez (minors),Alberto Rodriguez,0,8,2,9,TRUE,TRUE
2014,18,544,McKenzie Mills (minors),McKenzie Mills,0,8,2,10,TRUE,TRUE
2014,18,549,Clint Freeman (minors),Clint Freeman,0,8,2,10,TRUE,TRUE
2014,18,552,Mike Nolan (minors),Mike Nolan,2,1,2,3,FALSE,TRUE
2014,19,556,Ruben Castro (minors),Ruben Castro,0,8,0,11,FALSE,TRUE
2014,19,557,Mason Davis (minors),Mason Davis,0,8,0,11,FALSE,TRUE
2014,19,559,Brad Markey (minors),Brad Markey,2,6,0,11,TRUE,TRUE
2014,19,578,Argenis Angulo (minors),Argenis Angulo,0,8,2,9,TRUE,TRUE
2014,19,584,Tyler Hill (minors),Tyler Hill,0,8,2,9,TRUE,TRUE
2014,20,606,Isaias Quiroz (minors),Isaias Quiroz,0,8,0,11,FALSE,TRUE
2014,20,608,Gianpaul Gonzalez (minors),Gianpaul Gonzalez,0,8,2,8,TRUE,FALSE
2014,20,612,Koby Gauna (minors),Koby Gauna,0,8,2,8,TRUE,FALSE
2014,20,614,Devon Fisher (minors),Devon Fisher,0,8,2,8,TRUE,FALSE
2014,21,620,Onas Farfan (minors),Onas Farfan,0,8,2,9,TRUE,TRUE
2014,22,669,Bubby Rossman (minors),Bubby Rossman,0,8,1,9,TRUE,TRUE
2014,22,672,Brendan McCurry (minors),Brendan McCurry,2,6,2,9,FALSE,TRUE
2014,23,688,Jordan Johnson (minors),Jordan Johnson,2,6,0,11,TRUE,TRUE
2014,23,693,Eric Sandness (minors),Eric Sandness,2,2,2,9,FALSE,TRUE
2014,24,714,Conor Fisk (minors),Conor Fisk,0,8,2,10,TRUE,TRUE
2014,25,747,Travis Radke (minors),Travis Radke,0,8,2,7,TRUE,TRUE
2014,25,748,Byron Murray (minors),Byron Murray,2,4,2,10,FALSE,TRUE
2014,25,753,Rudy Martin (minors),Rudy Martin,0,8,0,11,FALSE,TRUE
2014,25,763,Kyle Kinman (minors),Kyle Kinman,0,8,2,9,TRUE,TRUE
2014,26,769,Zach Hedges (minors),Zach Hedges,0,8,2,9,TRUE,TRUE
2014,26,785,Brennan Bernardino (minors),Brennan Bernardino,0,8,1,9,TRUE,TRUE
2014,26,787,Cade Gotta (minors),Cade Gotta,0,8,0,11,FALSE,TRUE
2014,26,791,Jerrick Suiter (minors),Jerrick Suiter,2,6,2,8,FALSE,TRUE
2014,27,799,Calvin Graves (minors),Calvin Graves,0,8,2,9,TRUE,TRUE
2014,27,815,Jake Paulson (minors),Jake Paulson,2,7,2,6,FALSE,TRUE
2014,27,817,Grant Kay (minors),Grant Kay,0,8,2,10,TRUE,TRUE
2014,28,832,Tanner Kiest (minors),Tanner Kiest,0,8,0,11,FALSE,TRUE
2014,28,844,Kida De La Cruz (minors),Kida De La Cruz,0,8,2,9,TRUE,TRUE
2014,28,850,Will Kengor (minors),Will Kengor,0,8,2,10,TRUE,TRUE
2014,29,861,Tyler Herb (minors),Tyler Herb,0,8,2,10,TRUE,TRUE
2014,29,863,Logan Sawyer (minors),Logan Sawyer,0,8,2,10,TRUE,TRUE
2014,29,865,Matt Blackham (minors),Matt Blackham,0,8,2,9,TRUE,TRUE
2014,29,871,Patrick Baker (minors),Patrick Baker,0,8,2,9,TRUE,TRUE
2014,29,875,Michael Sullivan (minors),Michael Sullivan,2,3,2,9,FALSE,TRUE
2014,29,882,Cody Stull (minors),Cody Stull,2,7,2,6,FALSE,TRUE
2014,29,885,Bryan Dobzanski (minors),Bryan Dobzanski,0,8,2,8,TRUE,FALSE
2014,30,888,Marc Flores (minors),Marc Flores,0,8,0,11,FALSE,TRUE
2014,30,894,Kevin Garcia (minors),Kevin Garcia,0,8,0,11,FALSE,TRUE
2014,30,904,Tyler Mapes (minors),Tyler Mapes,2,7,2,6,FALSE,TRUE
2014,31,936,John Fasola (minors),John Fasola,0,8,2,8,TRUE,FALSE
2014,31,938,Dominic DeMasi (minors),Dominic DeMasi,2,6,2,9,FALSE,TRUE
2014,31,943,Sal Giardina (minors),Sal Giardina,0,8,2,8,TRUE,FALSE
2014,33,976,Edwin Medina (minors),Edwin Medina,2,3,2,2,FALSE,TRUE
2014,33,993,DonAndre Clark (minors),DonAndre Clark,0,8,2,8,TRUE,FALSE
2014,33,995,Jose Lopez (minors),Jose Lopez,2,1,2,5,FALSE,TRUE
2014,36,1066,Justin Ferrell (minors),Justin Ferrell,0,8,2,10,TRUE,TRUE
2014,36,1086,Cody Chartrand (minors),Cody Chartrand,2,1,2,6,FALSE,TRUE
2014,37,1119,Karch Kowalczyk (minors),Karch Kowalczyk,0,8,2,10,TRUE,TRUE
2014,38,1131,Taylor Zeutenhorst (minors),Taylor Zeutenhorst,0,8,2,8,TRUE,FALSE
2014,38,1150,Magglio Ordonez (minors),Magglio Ordonez,2,2,2,9,FALSE,TRUE
2014,39,1165,Arnaldo Berrios (minors),Arnaldo Berrios,2,6,2,4,FALSE,TRUE
2014,39,1177,Blake Grant-Parks (minors),Blake Grant-Parks,0,8,0,11,FALSE,TRUE
2015,1,6,Tyler Jay (minors),Tyler Jay,2,5,1,10,TRUE,TRUE
2015,1,10,Cornelius Randolph (minors),Cornelius Randolph,0,7,0,10,FALSE,TRUE
2015,1,13,Garrett Whitley (minors),Garrett Whitley,0,7,2,9,TRUE,TRUE
2015,1,21,Ashe Russell (minors),Ashe Russell,0,7,2,7,TRUE,FALSE
2015,1,23,Nick Plummer (minors),Nick Plummer,0,7,1,8,TRUE,TRUE
2015,1,29,Jon Harris (minors),Jon Harris,0,7,2,8,TRUE,TRUE
2015,1,30,Kyle Holder (minors),Kyle Holder,0,7,2,8,TRUE,TRUE
2015,1,33,Nolan Watson (minors),Nolan Watson,0,7,0,10,FALSE,TRUE
2015,1,40,Nathan Kirby (minors),Nathan Kirby,0,7,2,8,TRUE,TRUE
2015,2,45,Eric Jenkins (minors),Eric Jenkins,0,7,2,9,TRUE,TRUE
2015,2,47,Donnie Dewees (minors),Donnie Dewees,2,6,2,8,FALSE,TRUE
2015,2,51,Austin Smith (minors),Austin Smith,0,7,2,8,TRUE,TRUE
2015,2,52,Chris Betts (minors),Chris Betts,0,7,2,8,TRUE,TRUE
2015,2,53,Desmond Lindsay (minors),Desmond Lindsay,0,7,2,7,TRUE,FALSE
2015,2,59,Juan Hillman (minors),Juan Hillman,0,7,0,10,FALSE,TRUE
2015,2,63,Mikey White (minors),Mikey White,0,7,2,7,TRUE,FALSE
2015,2,66,Bryce Denton (minors),Bryce Denton,0,7,2,7,TRUE,FALSE
2015,2,69,Blake Perkins (minors),Blake Perkins,0,7,1,9,TRUE,TRUE
2015,3,77,Javier Medina (minors),Javier Medina,2,4,2,9,FALSE,TRUE
2015,3,79,Riley Ferrell (minors),Riley Ferrell,0,7,2,8,TRUE,TRUE
2015,3,81,Austin Rei (minors),Austin Rei,0,7,2,8,TRUE,TRUE
2015,3,82,Bryan Hudson (minors),Bryan Hudson,0,7,1,9,TRUE,TRUE
2015,3,90,Nash Walters (minors),Nash Walters,0,7,1,8,TRUE,TRUE
2015,3,91,Justin Maese (minors),Justin Maese,0,7,2,9,TRUE,TRUE
2015,3,92,Drew Finley (minors),Drew Finley,0,7,2,7,TRUE,FALSE
2015,3,95,Jalen Miller (minors),Jalen Miller,0,7,0,10,FALSE,TRUE
2015,3,97,Dakota Chalmers (minors),Dakota Chalmers,0,7,0,10,FALSE,TRUE
2015,3,98,Anderson Miller (minors),Anderson Miller,0,7,2,8,TRUE,TRUE
2015,3,101,Phil Pfeifer (minors),Phil Pfeifer,0,7,2,8,TRUE,TRUE
2015,3,103,Rhett Wiseman (minors),Rhett Wiseman,0,7,2,7,TRUE,FALSE
2015,4,106,Breckin Williams (minors),Breckin Williams,0,7,2,7,TRUE,FALSE
2015,4,107,David Hill (minors),David Hill,0,7,2,7,TRUE,FALSE
2015,4,108,Jacob Lemoine (minors),Jacob Lemoine,0,7,1,8,TRUE,TRUE
2015,4,110,Trey Cabbage (minors),Trey Cabbage,0,7,1,9,TRUE,TRUE
2015,4,111,Tate Matheny (minors),Tate Matheny,0,7,2,7,TRUE,FALSE
2015,4,112,Zack Erwin (minors),Zack Erwin,0,7,2,8,TRUE,TRUE
2015,4,113,D.J. Wilson (minors),D.J. Wilson,0,7,2,7,TRUE,FALSE
2015,4,114,Kyle Martin (minors),Kyle Martin,0,7,0,10,FALSE,TRUE
2015,4,115,Miles Gordon (minors),Miles Gordon,0,7,2,8,TRUE,TRUE
2015,4,118,Brandon Koch (minors),Brandon Koch,0,7,2,9,TRUE,TRUE
2015,4,119,David Thompson (minors),David Thompson,0,7,2,8,TRUE,TRUE
2015,4,120,Josh Graham (minors),Josh Graham,0,7,2,8,TRUE,TRUE
2015,4,121,Demi Orimoloye (minors),Demi Orimoloye,0,7,2,7,TRUE,FALSE
2015,4,124,Tyler Krieger (minors),Tyler Krieger,0,7,2,8,TRUE,TRUE
2015,4,126,Mac Marshall (minors),Mac Marshall,0,7,2,7,TRUE,FALSE
2015,4,129,Garrett Davila (minors),Garrett Davila,0,7,0,10,FALSE,TRUE
2015,4,130,Kade Scivicque (minors),Kade Scivicque,2,6,2,5,FALSE,TRUE
2015,5,138,Chad Smith (minors),Chad Smith,2,5,0,10,TRUE,TRUE
2015,5,141,Jagger Rusconi (minors),Jagger Rusconi,0,7,2,8,TRUE,TRUE
2015,5,142,Jordan Stephens (minors),Jordan Stephens,0,7,2,8,TRUE,TRUE
2015,5,143,Ryan Kellogg (minors),Ryan Kellogg,0,7,2,8,TRUE,TRUE
2015,5,145,Ian Kahaloa (minors),Ian Kahaloa,2,5,0,10,TRUE,TRUE
2015,5,150,Ryan Clark (minors),Ryan Clark,0,7,2,9,TRUE,TRUE
2015,5,151,Blake Allemand (minors),Blake Allemand,0,7,2,7,TRUE,FALSE
2015,5,152,Jose Espada (minors),Jose Espada,0,7,1,9,TRUE,TRUE
2015,5,160,Cam Gibson (minors),Cam Gibson,0,7,2,6,TRUE,TRUE
2015,5,162,Brendon Davis (minors),Brendon Davis,0,7,1,8,TRUE,TRUE
2015,6,167,Jack Wynkoop (minors),Jack Wynkoop,0,7,2,7,TRUE,FALSE
2015,6,168,Tyler Ferguson (minors),Tyler Ferguson,0,7,1,10,TRUE,TRUE
2015,6,177,Jordan Guerrero (minors),Jordan Guerrero,0,7,2,9,TRUE,TRUE
2015,6,179,Chase Ingram (minors),Chase Ingram,0,7,2,7,TRUE,FALSE
2015,6,180,Matt Withrow (minors),Matt Withrow,0,7,2,7,TRUE,FALSE
2015,6,183,Brandon Wagner (minors),Brandon Wagner,0,7,2,8,TRUE,TRUE
2015,6,185,Kyle Wilcox (minors),Kyle Wilcox,2,5,0,10,TRUE,TRUE
2015,6,188,Bubba Derby (minors),Bubba Derby,0,7,2,8,TRUE,TRUE
2015,7,204,Luke Leftwich (minors),Luke Leftwich,0,7,2,7,TRUE,FALSE
2015,7,214,Nathan Lukes (minors),Nathan Lukes,0,7,1,9,TRUE,TRUE
2015,7,217,Mitchell Tolman (minors),Mitchell Tolman,0,7,2,9,TRUE,TRUE
2015,7,218,Kyle Friedrichs (minors),Kyle Friedrichs,0,7,2,7,TRUE,FALSE
2015,7,219,Gabriel Cancel (minors),Gabriel Cancel,0,7,0,10,FALSE,TRUE
2015,7,223,Gray Fenter (minors),Gray Fenter,0,7,2,9,TRUE,TRUE
2015,8,228,Blake Bass (minors),Blake Bass,0,7,2,7,TRUE,FALSE
2015,8,230,Kolton Kendrick (minors),Kolton Kendrick,0,7,2,8,TRUE,TRUE
2015,8,235,Mitch Piatnik (minors),Mitch Piatnik,0,7,2,9,TRUE,TRUE
2015,8,237,Aldemar Burgos (minors),Aldemar Burgos,0,7,2,9,TRUE,TRUE
2015,8,238,Reece Karalus (minors),Reece Karalus,0,7,2,7,TRUE,FALSE
2015,8,240,Ryan Lawlor (minors),Ryan Lawlor,0,7,2,8,TRUE,TRUE
2015,8,241,Nate Griep (minors),Nate Griep,0,7,0,10,FALSE,TRUE
2015,8,242,Danny Young (minors),Danny Young,0,7,1,8,TRUE,TRUE
2015,8,243,Donny Sands (minors),Donny Sands,0,7,1,8,TRUE,TRUE
2015,8,246,Cory Taylor (minors),Cory Taylor,2,6,2,8,FALSE,TRUE
2015,8,251,Ian Oxnevad (minors),Ian Oxnevad,0,7,0,10,FALSE,TRUE
2015,8,253,Seamus Curran (minors),Seamus Curran,0,7,2,7,TRUE,FALSE
2015,9,266,Reilly Hovis (minors),Reilly Hovis,0,7,2,8,TRUE,TRUE
2015,9,267,Jerry Keel (minors),Jerry Keel,0,7,2,8,TRUE,TRUE
2015,9,271,Karsen Lindell (minors),Karsen Lindell,0,7,2,7,TRUE,FALSE
2015,9,272,Connor Panas (minors),Connor Panas,0,7,0,10,FALSE,TRUE
2015,9,277,Bret Helton (minors),Bret Helton,0,7,2,8,TRUE,TRUE
2015,9,283,Jaylen Ferguson (minors),Jaylen Ferguson,0,7,2,7,TRUE,FALSE
2015,10,294,Josh Tobias (minors),Josh Tobias,2,6,2,5,FALSE,TRUE
2015,10,303,James Reeves (minors),James Reeves,0,7,2,9,TRUE,TRUE
2015,10,305,Darin Gillies (minors),Darin Gillies,0,7,2,8,TRUE,TRUE
2015,10,306,Tyler Cyr (minors),Tyler Cyr,0,7,1,8,TRUE,TRUE
2015,10,312,Logan Landon (minors),Logan Landon,0,7,2,7,TRUE,FALSE
2015,10,315,Adam Hofacket (minors),Adam Hofacket,2,5,0,10,TRUE,TRUE
2015,11,322,Danny Dopico (minors),Danny Dopico,0,7,2,8,TRUE,TRUE
2015,11,324,Edgar Cabral (minors),Edgar Cabral,0,7,2,9,TRUE,TRUE
2015,11,325,Brantley Bell (minors),Brantley Bell,0,7,0,10,FALSE,TRUE
2015,11,326,Ryan McKay (minors),Ryan McKay,0,7,2,7,TRUE,FALSE
2015,11,331,Jose Cuas (minors),Jos Cuas,0,7,1,8,TRUE,TRUE
2015,11,336,C.J. Hinojosa (minors),C.J. Hinojosa,0,7,0,10,FALSE,TRUE
2015,11,337,Christian Kelley (minors),Christian Kelley,0,7,2,7,TRUE,FALSE
2015,11,344,Andrew Lee (minors),Andrew Lee,0,7,2,9,TRUE,TRUE
2015,12,346,Wesley Rodriguez (minors),Wesley Rodriguez,0,7,2,7,TRUE,FALSE
2015,12,348,LeDarious Clark (minors),LeDarious Clark,0,7,2,8,TRUE,TRUE
2015,12,350,Zander Wiel (minors),Zander Wiel,0,7,0,10,FALSE,TRUE
2015,12,355,Alexis Diaz (minors),Alexis Daz,0,7,1,8,TRUE,TRUE
2015,12,358,David Olmedo-Barrera (minors),David Olmedo-Barrera,0,7,2,8,TRUE,TRUE
2015,12,359,Joe Shaw (minors),Joe Shaw,0,7,2,9,TRUE,TRUE
2015,12,367,Ty Moore (minors),Ty Moore,0,7,2,7,TRUE,FALSE
2015,12,371,Jacob Schlesener (minors),Jacob Schlesener,0,7,2,7,TRUE,FALSE
2015,13,377,Mylz Jones (minors),Mylz Jones,0,7,2,7,TRUE,FALSE
2015,13,379,Kevin McCanna (minors),Kevin McCanna,0,7,2,8,TRUE,TRUE
2015,13,381,Matthew Kent (minors),Matthew Kent,0,7,0,10,FALSE,TRUE
2015,13,386,R.J. Peace (minors),R.J. Peace,0,7,2,7,TRUE,FALSE
2015,13,388,Nicholas Padilla (minors),Nicholas Padilla,0,7,1,8,TRUE,TRUE
2015,13,391,Max McDowell (minors),Max McDowell,0,7,0,10,FALSE,TRUE
2015,13,400,Josh Lester (minors),Josh Lester,0,7,1,8,TRUE,TRUE
2015,13,402,Michael Boyle (minors),Michael Boyle,2,5,0,10,TRUE,TRUE
2015,14,408,Adam Choplick (minors),Adam Choplick,0,7,2,8,TRUE,TRUE
2015,14,417,Kyle Overstreet (minors),Kyle Overstreet,0,7,2,7,TRUE,FALSE
2015,14,423,Will Carter (minors),Will Carter,2,5,0,10,TRUE,TRUE
2015,14,425,Jio Orozco (minors),Jio Orozco,0,7,0,10,FALSE,TRUE
2015,14,428,Boomer Biegalski (minors),Boomer Biegalski,0,7,2,7,TRUE,FALSE
2015,15,436,Justin Donatella (minors),Justin Donatella,0,7,2,8,TRUE,TRUE
2015,15,441,Jerry Downs (minors),Jerry Downs,0,7,2,8,TRUE,TRUE
2015,15,447,Brad Zunica (minors),Brad Zunica,0,7,2,8,TRUE,TRUE
2015,15,452,Jackson McClelland (minors),Jackson McClelland,0,7,0,10,FALSE,TRUE
2015,15,455,Ryne Inman (minors),Ryne Inman,0,7,2,7,TRUE,FALSE
2015,15,465,Nathan Bates (minors),Nathan Bates,0,7,2,8,TRUE,TRUE
2015,16,466,Zach Nehrir (minors),Zach Nehrir,0,7,2,9,TRUE,TRUE
2015,16,468,Tyler Phillips (minors),Tyler Phillips,0,7,1,10,TRUE,TRUE
2015,16,472,Brandon Quintero (minors),Brandon Quintero,0,7,2,9,TRUE,TRUE
2015,16,481,Conor Harber (minors),Conor Harber,0,7,2,7,TRUE,FALSE
2015,16,483,Kolton Mahoney (minors),Kolton Mahoney,0,7,2,7,TRUE,FALSE
2015,16,490,Alec Kisena (minors),Alec Kisena,0,7,2,8,TRUE,TRUE
2015,16,492,Nolan Long (minors),Nolan Long,2,5,0,10,TRUE,TRUE
2015,16,494,Ian Sagdal (minors),Ian Sagdal,0,7,2,8,TRUE,TRUE
2015,17,500,Nate Gercken (minors),Nate Gercken,0,7,0,10,FALSE,TRUE
2015,17,501,Chad De La Guerra (minors),Chad De La Guerra,0,7,2,8,TRUE,TRUE
2015,17,508,Brett Sullivan (minors),Brett Sullivan,0,7,1,9,TRUE,TRUE
2015,17,511,Michael Petersen (minors),Michael Petersen,2,5,1,10,TRUE,TRUE
2015,17,521,Chris Chinea (minors),Chris Chinea,0,7,2,7,TRUE,FALSE
2015,18,539,Jordan Humphreys (minors),Jordan Humphreys,0,7,2,7,TRUE,FALSE
2015,18,542,Geno Encina (minors),Geno Encina,0,7,0,10,FALSE,TRUE
2015,18,543,Zack Zehner (minors),Zack Zehner,0,7,2,7,TRUE,FALSE
2015,18,553,Nick Vespi (minors),Nick Vespi,0,7,1,8,TRUE,TRUE
2015,18,555,Travis Herrin (minors),Travis Herrin,0,7,2,7,TRUE,FALSE
2015,19,559,Drew Ferguson (minors),Drew Ferguson,0,7,2,7,TRUE,FALSE
2015,19,567,Alan Garcia (minors),Alan Garcia,0,7,0,10,FALSE,TRUE
2015,19,570,Sean McLaughlin (minors),Sean McLaughlin,0,7,2,8,TRUE,TRUE
2015,19,573,Mark Seyler (minors),Mark Seyler,0,7,2,7,TRUE,FALSE
2015,19,574,Todd Isaacs (minors),Todd Isaacs,0,7,2,9,TRUE,TRUE
2015,19,577,Ike Schlabach (minors),Ike Schlabach,0,7,2,8,TRUE,TRUE
2015,20,594,Will Stewart (minors),Will Stewart,0,7,0,10,FALSE,TRUE
2015,20,599,Thomas McIlraith (minors),Thomas McIlraith,0,7,0,10,FALSE,TRUE
2015,20,603,Isiah Gilliam (minors),Isiah Gilliam,0,7,0,10,FALSE,TRUE
2015,20,604,Luke Wakamatsu (minors),Luke Wakamatsu,0,7,2,8,TRUE,TRUE
2015,20,608,James Naile (minors),James Naile,0,7,1,8,TRUE,TRUE
2015,21,616,Alexis Olmeda (minors),Alexis Olmeda,0,7,2,9,TRUE,TRUE
2015,21,617,Logan Cozart (minors),Logan Cozart,0,7,2,8,TRUE,TRUE
2015,21,623,Jared Cheek (minors),Jared Cheek,0,7,2,8,TRUE,TRUE
2015,21,626,Giovanny Alfonzo (minors),Giovanny Alfonzo,0,7,2,8,TRUE,TRUE
2015,21,630,Kurt Hoekstra (minors),Kurt Hoekstra,2,5,2,7,FALSE,TRUE
2015,21,631,Jon Olczak (minors),Jon Olczak,0,7,2,9,TRUE,TRUE
2015,21,633,Josh Roeder (minors),Josh Roeder,0,7,2,9,TRUE,TRUE
2015,21,636,Ryan Halstead (minors),Ryan Halstead,0,7,2,7,TRUE,FALSE
2015,21,637,Nick Economos (minors),Nick Economos,0,7,2,7,TRUE,FALSE
2015,21,640,Tanner Donnels (minors),Tanner Donnels,2,2,2,8,FALSE,TRUE
2015,21,643,Juan Echevarria (minors),Juan Echevarria,0,7,0,10,FALSE,TRUE
2015,22,648,Josh Altmann (minors),Josh Altmann,0,7,0,10,FALSE,TRUE
2015,22,658,Justin Marsden (minors),Justin Marsden,0,7,2,7,TRUE,FALSE
2015,22,660,Dalton Geekie (minors),Dalton Geekie,0,7,2,8,TRUE,TRUE
2015,22,667,Nathan Trevillian (minors),Nathan Trevillian,2,1,2,5,FALSE,TRUE
2015,23,676,Logan Soole (minors),Logan Soole,0,7,2,7,TRUE,FALSE
2015,24,718,Jesus Ortiz (minors),Jesus Ortiz,2,6,2,8,FALSE,TRUE
2015,24,722,Reggie Pruitt (minors),Reggie Pruitt,0,7,0,10,FALSE,TRUE
2015,25,737,Scott Burcham (minors),Scott Burcham,0,7,2,8,TRUE,TRUE
2015,25,740,Logan Lombana (minors),Logan Lombana,0,7,2,7,TRUE,FALSE
2015,25,741,Andrew Noviello (minors),Andrew Noviello,2,2,2,8,FALSE,TRUE
2015,25,743,Marcus Mastrobuoni (minors),Marcus Mastrobuoni,0,7,2,7,TRUE,FALSE
2015,25,750,Jonathan Morales (minors),Jonathan Morales,0,7,0,10,FALSE,TRUE
2015,25,754,Connor Marabell (minors),Connor Marabell,0,7,2,7,TRUE,FALSE
2015,25,757,Logan Hill (minors),Logan Hill,0,7,2,8,TRUE,TRUE
2015,27,796,Cameron Gann (minors),Cameron Gann,0,7,0,10,FALSE,TRUE
2015,27,802,Alex Katz (minors),Alex Katz,0,7,0,10,FALSE,TRUE
2015,27,811,Jon Perrin (minors),Jon Perrin,2,6,2,5,FALSE,TRUE
2015,27,815,Michael Rivera (minors),Michael Rivera,2,6,2,5,FALSE,TRUE
2015,27,818,Xavier Altamirano (minors),Xavier Altamirano,0,7,2,7,TRUE,FALSE
2015,27,823,Stuart Levy (minors),Stuart Levy,0,7,2,8,TRUE,TRUE
2015,27,824,Ryan Brinley (minors),Ryan Brinley,0,7,2,7,TRUE,FALSE
2015,28,836,Jeff Kinley (minors),Jeff Kinley,0,7,2,9,TRUE,TRUE
2015,28,841,Mitch Ghelfi (minors),Mitch Ghelfi,0,7,2,9,TRUE,TRUE
2015,29,869,Seth Davis (minors),Seth Davis,0,7,2,8,TRUE,TRUE
2015,30,914,Jorge Pantoja (minors),Jorge Pantoja,2,6,2,5,FALSE,TRUE
2015,31,921,Nick Duron (minors),Nick Duron,0,7,1,8,TRUE,TRUE
2015,31,922,David Walker (minors),David Walker,0,7,2,7,TRUE,FALSE
2015,31,924,Nick Fanti (minors),Nick Fanti,2,5,0,10,TRUE,TRUE
2015,31,933,Hobie Harris (minors),Hobie Harris,0,7,1,9,TRUE,TRUE
2015,31,938,John Gorman (minors),John Gorman,0,7,2,7,TRUE,FALSE
2015,32,969,Jake Kalish (minors),Jake Kalish,0,7,2,9,TRUE,TRUE
2015,33,987,Braxton Lorenzini (minors),Braxton Lorenzini,0,7,2,7,TRUE,FALSE
2015,33,999,Nate Esposito (minors),Nate Esposito,0,7,2,7,TRUE,FALSE
2015,33,1003,Steven Klimek (minors),Steven Klimek,0,7,2,8,TRUE,TRUE
2015,33,1005,Winston Lavendier (minors),Winston Lavendier,0,7,2,9,TRUE,TRUE
2015,34,1008,Joeanthony Rivera (minors),Joeanthony Rivera,2,5,2,3,FALSE,TRUE
2015,34,1014,Ben Pelletier (minors),Ben Pelletier,0,7,2,7,TRUE,FALSE
2015,34,1034,Tyler Watson (minors),Tyler Watson,0,7,2,8,TRUE,TRUE
2015,35,1040,Hector Lujan (minors),Hector Lujan,0,7,2,8,TRUE,TRUE
2015,35,1047,Nathan Foriest (minors),Nathan Foriest,0,7,2,7,TRUE,FALSE
2015,35,1051,Quintin Torres-Costa (minors),Quintin Torres-Costa,0,7,2,8,TRUE,TRUE
2015,35,1057,Jordan George (minors),Jordan George,0,7,2,7,TRUE,FALSE
2015,36,1076,Gunnar Kines (minors),Gunnar Kines,0,7,0,10,FALSE,TRUE
2015,36,1078,Bryan Bonnell (minors),Bryan Bonnell,0,7,0,10,FALSE,TRUE
2015,37,1096,Max Brown (minors),Max Brown,2,6,2,2,FALSE,TRUE
2015,37,1101,Adam Lau (minors),Adam Lau,0,7,2,7,TRUE,FALSE
2015,37,1107,Blake Rogers (minors),Blake Rogers,0,7,2,9,TRUE,TRUE
2015,38,1145,Dalton Kelly (minors),Dalton Kelly,0,7,2,8,TRUE,TRUE
2015,39,1177,Tate Scioneaux (minors),Tate Scioneaux,0,7,2,7,TRUE,FALSE
2016,1,4,Riley Pint (minors),Riley Pint,0,6,1,8,TRUE,TRUE
2016,1,12,Jay Groome (minors),Jay Groome,0,6,0,9,FALSE,TRUE
2016,1,14,Will Benson (minors),Will Benson,0,6,1,7,TRUE,TRUE
2016,1,17,Forrest Whitley (minors),Forrest Whitley,2,4,1,9,TRUE,TRUE
2016,1,18,Blake Rutherford (minors),Blake Rutherford,0,6,1,8,TRUE,TRUE
2016,1,23,Delvin Perez (minors),Delvin Prez,0,6,2,8,TRUE,TRUE
2016,1,24,Hudson Potts (minors),Hudson Potts,0,6,2,8,TRUE,TRUE
2016,1,27,Cody Sedlock (minors),Cody Sedlock,0,6,1,7,TRUE,TRUE
2016,1,30,Cole Ragans (minors),Cole Ragans,0,6,1,7,TRUE,TRUE
2016,1,39,Anfernee Grier (minors),Anfernee Grier,0,6,2,7,TRUE,TRUE
2016,1,40,Joey Wentz (minors),Joey Wentz,0,6,1,7,TRUE,TRUE
2016,2,42,Kevin Gowdy (minors),Kevin Gowdy,0,6,0,9,FALSE,TRUE
2016,2,43,Chris Okey (minors),Chris Okey,0,6,1,7,TRUE,TRUE
2016,2,46,Lucas Erceg (minors),Lucas Erceg,0,6,1,8,TRUE,TRUE
2016,2,47,Logan Shore (minors),Logan Shore,0,6,2,8,TRUE,TRUE
2016,2,48,Buddy Reed (minors),Michael Reed,0,6,0,9,FALSE,TRUE
2016,2,49,Alec Hansen (minors),Alec Hansen,0,6,2,6,TRUE,FALSE
2016,2,50,Joe Rizzo (minors),Joe Rizzo,0,6,2,8,TRUE,TRUE
2016,2,51,C.J. Chatham (minors),C.J. Chatham,0,6,2,7,TRUE,TRUE
2016,2,52,Andy Yerzy (minors),Andy Yerzy,0,6,0,9,FALSE,TRUE
2016,2,53,Ryan Boldt (minors),Ryan Boldt,0,6,2,7,TRUE,TRUE
2016,2,55,Nolan Jones (minors),Nolan Jones,0,6,1,7,TRUE,TRUE
2016,2,63,Alex Speas (minors),Alex Speas,0,6,1,8,TRUE,TRUE
2016,2,67,A.J. Puckett (minors),A.J. Puckett,0,6,0,9,FALSE,TRUE
2016,2,68,Travis MacGregor (minors),Travis MacGregor,0,6,0,9,FALSE,TRUE
2016,2,69,Matthias Dietz (minors),Matthias Dietz,0,6,2,6,TRUE,FALSE
2016,2,70,Connor Jones (minors),Connor Jones,0,6,2,7,TRUE,TRUE
2016,2,71,Reggie Lawson (minors),Reggie Lawson,0,6,0,9,FALSE,TRUE
2016,2,73,Jose Miranda (minors),Jos Miranda,0,6,1,7,TRUE,TRUE
2016,2,76,Brett Cumberland (minors),Brett Cumberland,0,6,2,8,TRUE,TRUE
2016,3,78,Cole Stobbe (minors),Cole Stobbe,0,6,2,6,TRUE,FALSE
2016,3,79,Nick Hanson (minors),Nick Hanson,0,6,2,7,TRUE,TRUE
2016,3,82,Braden Webb (minors),Braden Webb,0,6,0,9,FALSE,TRUE
2016,3,84,Thomas Jones (minors),Thomas Jones,0,6,0,9,FALSE,TRUE
2016,3,86,Alex Call (minors),Alex Call,0,6,1,7,TRUE,TRUE
2016,3,87,Bryson Brigman (minors),Bryson Brigman,0,6,0,9,FALSE,TRUE
2016,3,95,Heath Quinn (minors),Heath Quinn,0,6,2,6,TRUE,FALSE
2016,3,98,Nolan Martinez (minors),Nolan Martinez,0,6,2,8,TRUE,TRUE
2016,3,99,Kole Enright (minors),Kole Enright,0,6,2,6,TRUE,FALSE
2016,3,100,Blake Tiberi (minors),Blake Tiberi,0,6,0,9,FALSE,TRUE
2016,3,102,Zach Jackson (minors),Zach Jackson,0,6,1,7,TRUE,TRUE
2016,3,105,Stephen Alemais (minors),Stephen Alemais,0,6,0,9,FALSE,TRUE
2016,4,108,Scott Moss (minors),Scott Moss,0,6,2,7,TRUE,TRUE
2016,4,112,Skylar Szynski (minors),Skylar Szynski,0,6,2,7,TRUE,TRUE
2016,4,113,Sean Reynolds (minors),Sean Reynolds,0,6,1,9,TRUE,TRUE
2016,4,116,Jameson Fisher (minors),Jameson Fisher,0,6,2,7,TRUE,TRUE
2016,4,117,Thomas Burrows (minors),Thomas Burrows,0,6,2,7,TRUE,TRUE
2016,4,119,Curtis Taylor (minors),Curtis Taylor,0,6,0,9,FALSE,TRUE
2016,4,120,Easton McGee (minors),Easton McGee,0,6,1,7,TRUE,TRUE
2016,4,121,Brenan Hanifee (minors),Brenan Hanifee,2,4,1,8,TRUE,TRUE
2016,4,123,Tom Hackimer (minors),Tom Hackimer,0,6,0,9,FALSE,TRUE
2016,4,124,Nick Banks (minors),Nick Banks,0,6,2,8,TRUE,TRUE
2016,4,125,Matt Krook (minors),Matt Krook,0,6,1,8,TRUE,TRUE
2016,4,127,Brett Adcock (minors),Brett Adcock,0,6,2,7,TRUE,TRUE
2016,4,129,Charles Leblanc (minors),Charles Leblanc,0,6,1,7,TRUE,TRUE
2016,4,133,Jace Vines (minors),Jace Vines,0,6,2,8,TRUE,TRUE
2016,4,135,Braeden Ogle (minors),Braeden Ogle,0,6,0,9,FALSE,TRUE
2016,4,136,Jeremy Martinez (minors),Jeremy Martinez,0,6,2,6,TRUE,FALSE
2016,5,140,Brian Serven (minors),Brian Serven,0,6,1,7,TRUE,TRUE
2016,5,141,Zack Brown (minors),Zack Brown,0,6,2,8,TRUE,TRUE
2016,5,144,Lake Bachar (minors),Lake Bachar,2,4,0,9,TRUE,TRUE
2016,5,149,Joey Rose (minors),Joey Rose,0,6,2,6,TRUE,FALSE
2016,5,150,Mikey York (minors),Mikey York,0,6,2,8,TRUE,TRUE
2016,5,151,Alexis Torres (minors),Alexis Torres,0,6,2,8,TRUE,TRUE
2016,5,152,Conner Capel (minors),Conner Capel,0,6,1,7,TRUE,TRUE
2016,5,153,Jordan Balazovic (minors),Jordan Balazovic,0,6,1,8,TRUE,TRUE
2016,5,155,Ryan Howard (minors),Ryan Howard,0,6,2,6,TRUE,FALSE
2016,5,156,Connor Justus (minors),Connor Justus,0,6,2,7,TRUE,TRUE
2016,5,158,Dom Thompson-Williams (minors),Dom Thompson-Williams,0,6,2,6,TRUE,FALSE
2016,5,164,Bailey Clark (minors),Bailey Clark,0,6,2,6,TRUE,FALSE
2016,6,170,Willie Abreu (minors),Willie Abreu,0,6,2,7,TRUE,TRUE
2016,6,173,Remey Reed (minors),Remey Reed,0,6,2,6,TRUE,FALSE
2016,6,176,Luis Curbelo (minors),Luis Curbelo,0,6,0,9,FALSE,TRUE
2016,6,179,Mack Lemieux (minors),Mack Lemieux,0,6,0,9,FALSE,TRUE
2016,6,180,Zack Trageton (minors),Zack Trageton,0,6,2,7,TRUE,TRUE
2016,6,181,Tobias Myers (minors),Tobias Myers,0,6,1,9,TRUE,TRUE
2016,6,182,Ulysses Cantu (minors),Ulysses Cantu,2,4,2,7,FALSE,TRUE
2016,6,185,Gio Brusa (minors),Gio Brusa,2,4,0,9,TRUE,TRUE
2016,6,186,Cole Duensing (minors),Cole Duensing,0,6,0,9,FALSE,TRUE
2016,6,187,Stephen Wrenn (minors),Stephen Wrenn,0,6,2,6,TRUE,FALSE
2016,6,191,Errol Robinson (minors),Errol Robinson,0,6,0,9,FALSE,TRUE
2016,6,194,Chad Hockin (minors),Chad Hockin,2,4,2,7,FALSE,TRUE
2016,6,195,Cam Vieaux (minors),Cam Vieaux,0,6,1,7,TRUE,TRUE
2016,7,197,Henri Lartigue (minors),Henri Lartigue,0,6,2,6,TRUE,FALSE
2016,7,202,Tyler Ramirez (minors),Tyler Ramirez,0,6,2,6,TRUE,FALSE
2016,7,203,Corey Bird (minors),Corey Bird,0,6,2,7,TRUE,TRUE
2016,7,211,Preston Palmeiro (minors),Preston Palmeiro,0,6,0,9,FALSE,TRUE
2016,7,215,Garrett Williams (minors),Garrett Williams,0,6,0,9,FALSE,TRUE
2016,7,224,Michael Cruz (minors),Michael Cruz,0,6,2,7,TRUE,TRUE
2016,8,228,John Sansone (minors),John Sansone,0,6,2,6,TRUE,FALSE
2016,8,230,Ty Culbreth (minors),Ty Culbreth,0,6,0,9,FALSE,TRUE
2016,8,233,Aaron Knapp (minors),Aaron Knapp,0,6,2,6,TRUE,FALSE
2016,8,236,Nate Nolan (minors),Nate Nolan,0,6,2,6,TRUE,FALSE
2016,8,237,Nick Zammarelli (minors),Nick Zammarelli,0,6,2,6,TRUE,FALSE
2016,8,239,Ryan January (minors),Ryan January,0,6,0,9,FALSE,TRUE
2016,8,240,Kenny Rosenberg (minors),Kenny Rosenberg,0,6,1,7,TRUE,TRUE
2016,8,241,Ryan Moseley (minors),Ryan Moseley,0,6,2,7,TRUE,TRUE
2016,8,245,Stephen Woods (minors),Stephen Woods,0,6,0,9,FALSE,TRUE
2016,8,247,Nick Hernandez (minors),Nick Hernandez,0,6,1,8,TRUE,TRUE
2016,8,249,Tai Tiedemann (minors),Tai Tiedemann,0,6,0,9,FALSE,TRUE
2016,8,255,Dylan Prohoroff (minors),Dylan Prohoroff,0,6,2,6,TRUE,FALSE
2016,8,256,Sam Tewes (minors),Sam Tewes,0,6,2,6,TRUE,FALSE
2016,9,259,Tyler Neslony (minors),Tyler Neslony,0,6,0,9,FALSE,TRUE
2016,9,262,Dalton Sawyer (minors),Dalton Sawyer,0,6,2,8,TRUE,TRUE
2016,9,263,Jarett Rindfleisch (minors),Jarett Rindfleisch,0,6,2,6,TRUE,FALSE
2016,9,264,Jesse Scholtens (minors),Jesse Scholtens,0,6,1,8,TRUE,TRUE
2016,9,265,Daniel Pinero (minors),Daniel Pinero,0,6,2,6,TRUE,FALSE
2016,9,269,Tommy Eveld (minors),Tommy Eveld,0,6,2,8,TRUE,TRUE
2016,9,270,Peter Bayer (minors),Pete Bayer,2,4,2,7,FALSE,TRUE
2016,9,272,Hosea Nelson (minors),Hosea Nelson,0,6,2,6,TRUE,FALSE
2016,9,279,Hever Bueno (minors),Hever Bueno,0,6,2,8,TRUE,TRUE
2016,9,280,Colin Holderman (minors),Colin Holderman,0,6,1,7,TRUE,TRUE
2016,10,287,Julian Garcia (minors),Julian Garcia,0,6,0,9,FALSE,TRUE
2016,10,290,Vince Fernandez (minors),Vince Fernandez,0,6,2,8,TRUE,TRUE
2016,10,296,Zach Remillard (minors),Zach Remillard,0,6,1,8,TRUE,TRUE
2016,10,300,Spencer Jones (minors),Spencer Jones,0,6,2,6,TRUE,FALSE
2016,10,302,Samad Taylor (minors),Samad Taylor,0,6,1,8,TRUE,TRUE
2016,10,308,Trevor Lane (minors),Trevor Lane,0,6,2,8,TRUE,TRUE
2016,10,311,Kevin Lachance (minors),Kevin Lachance,0,6,2,7,TRUE,TRUE
2016,10,314,Dakota Mekkes (minors),Dakota Mekkes,0,6,2,8,TRUE,TRUE
2016,11,317,Josh Stephen (minors),Josh Stephen,0,6,2,6,TRUE,FALSE
2016,11,321,Chad McClanahan (minors),Chad McClanahan,0,6,2,6,TRUE,FALSE
2016,11,323,Chad Smith (minors),Chad Smith,0,6,1,7,TRUE,TRUE
2016,11,325,Zac Houston (minors),Zac Houston,0,6,0,9,FALSE,TRUE
2016,11,329,Jake Polancic (minors),Jake Polancic,0,6,0,9,FALSE,TRUE
2016,11,331,Zach Muckenhirn (minors),Zach Muckenhirn,0,6,1,8,TRUE,TRUE
2016,11,334,Armond Upshaw (minors),Armond Upshaw,0,6,0,9,FALSE,TRUE
2016,11,336,Brennon Lund (minors),Brennon Lund,0,6,2,7,TRUE,TRUE
2016,11,337,Chad Donato (minors),Chad Donato,0,6,2,8,TRUE,TRUE
2016,11,343,Vance Vizcaino (minors),Vance Vizcaino,0,6,2,6,TRUE,FALSE
2016,12,347,Justin Miller (minors),Justin Miller,0,6,0,9,FALSE,TRUE
2016,12,349,Brandon White (minors),Brandon White,0,6,2,6,TRUE,FALSE
2016,12,350,Brandon Gold (minors),Brandon Gold,0,6,2,7,TRUE,TRUE
2016,12,355,Danny Woodrow (minors),Danny Woodrow,0,6,2,6,TRUE,FALSE
2016,12,356,Mitch Roman (minors),Mitch Roman,0,6,2,6,TRUE,FALSE
2016,12,359,Gavin Stupienski (minors),Gavin Stupienski,0,6,0,9,FALSE,TRUE
2016,12,360,Brandon Lawson (minors),Brandon Lawson,0,6,2,7,TRUE,TRUE
2016,12,363,Zach Featherstone (minors),Zach Featherstone,0,6,2,7,TRUE,TRUE
2016,12,370,Matt Cleveland (minors),Matt Cleveland,0,6,2,6,TRUE,FALSE
2016,12,375,Arden Pabst (minors),Arden Pabst,0,6,2,8,TRUE,TRUE
2016,12,376,Brady Whalen (minors),Brady Whalen,0,6,0,9,FALSE,TRUE
2016,13,377,Andrew Brown (minors),Andrew Brown,0,6,2,6,TRUE,FALSE
2016,13,378,Ryan Olson (minors),Ryan Olson,0,6,2,7,TRUE,TRUE
2016,13,380,Taylor Snyder (minors),Taylor Snyder,0,6,2,8,TRUE,TRUE
2016,13,381,Thomas Jankins (minors),Thomas Jankins,0,6,2,7,TRUE,TRUE
2016,13,382,Nate Mondou (minors),Nate Mondou,0,6,1,7,TRUE,TRUE
2016,13,384,Joe Galindo (minors),Joe Galindo,0,6,2,6,TRUE,FALSE
2016,13,385,Brady Policelli (minors),Brady Policelli,0,6,2,7,TRUE,TRUE
2016,13,392,Gavin Collins (minors),Gavin Collins,0,6,0,9,FALSE,TRUE
2016,13,393,Ryan Mason (minors),Ryan Mason,0,6,2,7,TRUE,TRUE
2016,13,395,Jose Layer (minors),Jose Layer,0,6,2,8,TRUE,TRUE
2016,13,400,Dan Rizzie (minors),Dan Rizzie,0,6,2,6,TRUE,FALSE
2016,13,401,Cody Thomas (minors),Cody Thomas,0,6,1,7,TRUE,TRUE
2016,13,404,Wyatt Short (minors),Wyatt Short,0,6,2,7,TRUE,TRUE
2016,14,407,Darick Hall (minors),Darick Hall,0,6,1,7,TRUE,TRUE
2016,14,409,Ramon Osuna (minors),Ramon Osuna,0,6,2,7,TRUE,TRUE
2016,14,410,Matt Dennis (minors),Matt Dennis,0,6,2,7,TRUE,TRUE
2016,14,411,Gabriel Garcia (minors),Gabriel Garcia,0,6,2,8,TRUE,TRUE
2016,14,412,Nolan Blackwood (minors),Nolan Blackwood,0,6,0,9,FALSE,TRUE
2016,14,416,Bryan Saucedo (minors),Bryan Saucedo,0,6,2,6,TRUE,FALSE
2016,14,420,Miles Mastrobuoni (minors),Miles Mastrobuoni,0,6,1,7,TRUE,TRUE
2016,14,421,Ruben Garcia (minors),Ruben Garcia,0,6,2,8,TRUE,TRUE
2016,14,422,Mitch Longo (minors),Mitch Longo,0,6,2,7,TRUE,TRUE
2016,14,426,Francisco Del Valle (minors),Francisco Del Valle,0,6,0,9,FALSE,TRUE
2016,14,427,Carson LaRue (minors),Carson LaRue,0,6,2,8,TRUE,TRUE
2016,14,428,Jordan Scott (minors),Jordan Scott,0,6,0,9,FALSE,TRUE
2016,14,430,Christian James (minors),Christian James,0,6,0,9,FALSE,TRUE
2016,15,438,Jesse Stallings (minors),Jesse Stallings,0,6,2,7,TRUE,TRUE
2016,15,440,Justin Valdespina (minors),Justin Valdespina,2,5,2,7,FALSE,TRUE
2016,15,442,Ty Damron (minors),Ty Damron,0,6,2,7,TRUE,TRUE
2016,15,443,James Nelson (minors),James Nelson,0,6,0,9,FALSE,TRUE
2016,15,444,Jack Suwinski (minors),Jack Suwinski,0,6,1,7,TRUE,TRUE
2016,15,446,Jake Elliott (minors),Jake Elliott,0,6,2,7,TRUE,TRUE
2016,15,450,Dalton Moats (minors),Dalton Moats,0,6,0,9,FALSE,TRUE
2016,15,454,Ryan Williamson (minors),Ryan Williamson,0,6,0,9,FALSE,TRUE
2016,15,462,Josh Winckowski (minors),Josh Winckowski,0,6,1,7,TRUE,TRUE
2016,15,466,J.R. Davis (minors),J.R. Davis,0,6,2,7,TRUE,TRUE
2016,16,473,Dustin Beggs (minors),Dustin Beggs,0,6,0,9,FALSE,TRUE
2016,16,478,Alberto Schmidt (minors),Alberto Schmidt,0,6,2,6,TRUE,FALSE
2016,16,481,Willie Rios (minors),Willie Rios,0,6,2,8,TRUE,TRUE
2016,16,482,Ben Krauth (minors),Ben Krauth,0,6,2,7,TRUE,TRUE
2016,16,483,Tyler Beardsley (minors),Tyler Beardsley,0,6,0,9,FALSE,TRUE
2016,16,489,Scott Engler (minors),Scott Engler,0,6,0,9,FALSE,TRUE
2016,17,497,Danny Zardon (minors),Danny Zardon,0,6,2,7,TRUE,TRUE
2016,17,501,Weston Wilson (minors),Weston Wilson,0,6,1,8,TRUE,TRUE
2016,17,512,Trenton Brooks (minors),Trenton Brooks,0,6,1,9,TRUE,TRUE
2016,17,518,Armando Alvarez (minors),Armando Alvarez,0,6,1,9,TRUE,TRUE
2016,18,531,Cooper Hummel (minors),Cooper Hummel,0,6,1,7,TRUE,TRUE
2016,18,532,Skyler Weber (minors),Skyler Weber,0,6,2,7,TRUE,TRUE
2016,18,534,Jaquez Williams (minors),Jaquez Williams,2,3,2,7,FALSE,TRUE
2016,18,542,Raymond Burgos (minors),Raymond Burgos,0,6,1,9,TRUE,TRUE
2016,18,545,Jacob Heyward (minors),Jacob Heyward,0,6,2,7,TRUE,TRUE
2016,18,547,Colin McKee (minors),Colin McKee,0,6,2,7,TRUE,TRUE
2016,18,548,Greg Weissert (minors),Greg Weissert,0,6,1,7,TRUE,TRUE
2016,19,560,Jacob Bosiokovic (minors),Jacob Bosiokovic,0,6,2,8,TRUE,TRUE
2016,19,564,A.J. Brown (minors),A.J. Brown,2,1,2,2,FALSE,TRUE
2016,19,569,Mark Karaviotis (minors),Mark Karaviotis,0,6,2,8,TRUE,TRUE
2016,19,570,Jim Haley (minors),Jim Haley,0,6,0,9,FALSE,TRUE
2016,19,572,Dakody Clemmer (minors),Dakody Clemmer,0,6,2,7,TRUE,TRUE
2016,19,578,Evan Alexander (minors),Evan Alexander,0,6,0,9,FALSE,TRUE
2016,19,583,Tyler Fallwell (minors),Tyler Fallwell,2,5,2,4,FALSE,TRUE
2016,19,584,Matt Swarmer (minors),Matt Swarmer,0,6,1,7,TRUE,TRUE
2016,20,589,Gabe Howell (minors),Gabe Howell,0,6,0,9,FALSE,TRUE
2016,20,594,Dom DiSabatino (minors),Dom DiSabatino,0,6,2,8,TRUE,TRUE
2016,20,597,Eric Filia (minors),Eric Filia,0,6,0,9,FALSE,TRUE
2016,20,598,Nick Lovullo (minors),Nick Lovullo,0,6,2,6,TRUE,FALSE
2016,20,599,Connor Grey (minors),Connor Grey,0,6,2,7,TRUE,TRUE
2016,20,607,L.P. Pelletier (minors),L.P. Pelletier,0,6,0,9,FALSE,TRUE
2016,20,612,Angel Alicea (minors),Angel Alicea,2,4,2,2,FALSE,TRUE
2016,20,615,Adam Oller (minors),Adam Oller,0,6,1,7,TRUE,TRUE
2016,21,617,Jonathan Hennigan (minors),Jonathan Hennigan,0,6,2,7,TRUE,TRUE
2016,21,623,Luis Pintor (minors),Luis Pintor,0,6,2,7,TRUE,TRUE
2016,21,624,Taylor Kohlwey (minors),Taylor Kohlwey,0,6,1,8,TRUE,TRUE
2016,21,625,Joe Navilhon (minors),Joe Navilhon,0,6,2,7,TRUE,TRUE
2016,21,631,Chris Clare (minors),Chris Clare,0,6,2,6,TRUE,FALSE
2016,21,637,Chuckie Robinson (minors),Chuckie Robinson,0,6,1,7,TRUE,TRUE
2016,21,640,Max Kuhns (minors),Max Kuhns,0,6,0,9,FALSE,TRUE
2016,21,645,Matt Eckelman (minors),Matt Eckelman,0,6,2,8,TRUE,TRUE
2016,22,653,Alejandro Mateo (minors),Alejandro Mateo,2,5,2,8,FALSE,TRUE
2016,22,654,Evan Miller (minors),Evan Miller,0,6,2,7,TRUE,TRUE
2016,22,656,Joel Booker (minors),Joel Booker,0,6,2,7,TRUE,TRUE
2016,22,675,Brandon Bingel (minors),Brandon Bingel,0,6,2,6,TRUE,FALSE
2016,23,684,Nate Easley (minors),Nate Easley,0,6,2,6,TRUE,FALSE
2016,23,686,Sam Dexter (minors),Sam Dexter,0,6,0,9,FALSE,TRUE
2016,23,687,Jack Anderson (minors),Jack Anderson,0,6,2,8,TRUE,TRUE
2016,23,690,Isaac Benard (minors),Isaac Benard,0,6,2,7,TRUE,TRUE
2016,23,691,Tyler Erwin (minors),Tyler Erwin,0,6,2,6,TRUE,FALSE
2016,23,693,Caleb Hamilton (minors),Caleb Hamilton,0,6,1,7,TRUE,TRUE
2016,23,696,Torii Hunter Jr. (minors),Torii Hunter Jr.,0,6,2,7,TRUE,TRUE
2016,23,698,Braden Bristo (minors),Braden Bristo,0,6,1,8,TRUE,TRUE
2016,23,699,Dylan Bice (minors),Dylan Bice,0,6,0,9,FALSE,TRUE
2016,23,702,Dom Abbadessa (minors),Dom Abbadessa,0,6,2,6,TRUE,FALSE
2016,23,704,Delvin Zinn (minors),Delvin Zinn,0,6,0,9,FALSE,TRUE
2016,24,709,Matt Hearn (minors),Matt Hearn,0,6,2,6,TRUE,FALSE
2016,24,717,Trey Griffey (minors),Trey Griffey,2,1,2,3,FALSE,TRUE
2016,24,721,Zach Matson (minors),Zach Matson,0,6,0,9,FALSE,TRUE
2016,24,722,Skylar Arias (minors),Skylar rias,0,6,2,8,TRUE,TRUE
2016,24,725,Jeffry Parra (minors),Jeffry Parra,0,6,0,9,FALSE,TRUE
2016,24,732,Mike Ellenbest (minors),Mike Ellenbest,0,6,2,7,TRUE,TRUE
2016,25,737,Trevor Bettencourt (minors),Trevor Bettencourt,2,4,0,9,TRUE,TRUE
2016,25,740,Heath Holder (minors),Heath Holder,0,6,2,7,TRUE,TRUE
2016,25,745,John Hayes (minors),John Hayes,0,6,2,7,TRUE,TRUE
2016,25,748,Francisco Lopez-Soto (minors),Francisco Lopez-Soto,0,6,2,3,TRUE,TRUE
2016,25,750,Matt Vogel (minors),Matt Vogel,0,6,2,8,TRUE,TRUE
2016,25,752,Jonathan Laureano (minors),Jonathan Laureano,0,6,2,4,TRUE,TRUE
2016,26,782,Tanner Tully (minors),Tanner Tully,0,6,1,7,TRUE,TRUE
2016,26,784,Jack Sundberg (minors),Jack Sundberg,0,6,2,8,TRUE,TRUE
2016,26,789,Tyree Thompson (minors),Tyree Thompson,0,6,0,9,FALSE,TRUE
2016,26,795,Robbie Coursel (minors),Robbie Coursel,0,6,2,7,TRUE,TRUE
2016,27,799,Corbin Clouse (minors),Corbin Clouse,0,6,2,6,TRUE,FALSE
2016,27,803,Parker Bugg (minors),Parker Bugg,0,6,0,9,FALSE,TRUE
2016,27,805,Chad Sedio (minors),Chad Sedio,0,6,0,9,FALSE,TRUE
2016,27,810,Robbie Tenerowicz (minors),Robbie Tenerowicz,0,6,0,9,FALSE,TRUE
2016,27,815,Pat Ruotolo (minors),Pat Ruotolo,0,6,2,8,TRUE,TRUE
2016,27,819,Lucas Jacobsen (minors),Lucas Jacobsen,2,5,2,8,FALSE,TRUE
2016,27,822,Ryan Gold (minors),Ryan Gold,0,6,2,7,TRUE,TRUE
2016,27,824,Connor Myers (minors),Connor Myers,0,6,2,6,TRUE,FALSE
2016,28,829,Nick Shumpert (minors),Nick Shumpert,0,6,0,9,FALSE,TRUE
2016,28,830,Ryan Luna (minors),Ryan Luna,0,6,2,6,TRUE,FALSE
2016,28,834,Ethan Skender (minors),Ethan Skender,0,6,0,9,FALSE,TRUE
2016,29,859,Jackson Pokorney (minors),Jackson Pokorney,0,6,2,6,TRUE,FALSE
2016,29,860,Josh Shelley (minors),Josh Shelley,2,1,2,6,FALSE,TRUE
2016,29,862,Matt Milburn (minors),Matt Milburn,0,6,2,7,TRUE,TRUE
2016,29,867,Steven Ridings (minors),Steven Ridings,2,4,2,7,FALSE,TRUE
2016,29,883,Grant Gavin (minors),Grant Gavin,0,6,0,9,FALSE,TRUE
2016,30,892,Nick Highberger (minors),Nick Highberger,0,6,2,7,TRUE,TRUE
2016,30,902,Ryder Ryan (minors),Ryder Ryan,0,6,1,8,TRUE,TRUE
2016,30,908,Ben Ruta (minors),Ben Ruta,0,6,2,7,TRUE,TRUE
2016,30,909,Christian Torres (minors),Christian Torres,0,6,0,9,FALSE,TRUE
2016,30,911,Ramon Rodriguez (minors),Ramn Rodriguez,0,6,0,9,FALSE,TRUE
2016,30,912,Jake Fishman (minors),Jake Fishman,0,6,1,7,TRUE,TRUE
2016,30,913,Geoff Bramblett (minors),Geoff Bramblett,0,6,2,6,TRUE,FALSE
2016,31,921,Ryan Aguilar (minors),Ryan Aguilar,0,6,1,7,TRUE,TRUE
2016,31,930,Joey Roach (minors),Joey Roach,0,6,2,6,TRUE,FALSE
2016,31,933,Juan Gamez (minors),Juan Gmez,0,6,0,9,FALSE,TRUE
2016,31,936,Johnny Morell (minors),Johnny Morell,0,6,2,7,TRUE,TRUE
2016,31,941,Stevie Berman (minors),Stevie Berman,0,6,2,8,TRUE,TRUE
2016,31,943,Malcolm Van Buren (minors),Malcolm Van Buren,0,6,2,7,TRUE,TRUE
2016,32,952,Collin Theroux (minors),Collin Theroux,0,6,2,6,TRUE,FALSE
2016,32,959,Trevor Simms (minors),Trevor Simms,0,6,2,7,TRUE,TRUE
2016,32,965,John Timmins (minors),John Timmins,0,6,2,6,TRUE,FALSE
2016,32,974,Zach Davis (minors),Zach Davis,0,6,2,8,TRUE,TRUE
2016,33,996,Justin Kelly (minors),Justin Kelly,0,6,0,9,FALSE,TRUE
2016,33,1002,Brayden Bouchey (minors),Brayden Bouchey,0,6,2,6,TRUE,FALSE
2016,33,1004,Nate Sweeney (minors),Nate Sweeney,0,6,2,6,TRUE,FALSE
2016,34,1017,David Ellingson (minors),David Ellingson,0,6,2,7,TRUE,TRUE
2016,34,1019,Connor Owings (minors),Connor Owings,0,6,0,9,FALSE,TRUE
2016,34,1027,Stijn van der Meer (minors),Stijn van der Meer,0,6,2,8,TRUE,TRUE
2016,34,1033,Nathan Webb (minors),Nate Webb,0,6,2,7,TRUE,TRUE
2016,35,1055,Sidney Duprey (minors),Sidney Duprey,0,6,2,8,TRUE,TRUE
2016,35,1059,Jean Casanova (minors),Jean Casanova,0,6,2,8,TRUE,TRUE
2016,36,1087,Ian Hardman (minors),Ian Hardman,0,6,2,6,TRUE,FALSE
2016,36,1090,Garrison Bryant (minors),Garrison Bryant,0,6,2,8,TRUE,TRUE
2016,36,1096,Robbie Gordon (minors),Robbie Gordon,0,6,2,6,TRUE,FALSE
2016,37,1122,Luke Gillingham (minors),Luke Gillingham,0,6,2,6,TRUE,FALSE
2016,38,1151,Kevin Malisheski (minors),Kevin Malisheski,0,6,2,7,TRUE,TRUE
2016,39,1178,Brian Keller (minors),Brian Keller,0,6,2,8,TRUE,TRUE
2016,39,1182,Chavez Young (minors),Chavez Young,0,6,0,9,FALSE,TRUE
